Biology
Larsen Kirk SHL 190E 1558 larsenkj
Baack Eric SHL 190G 1087 baacer01
Carlson Scott SHL 290G 1552 carlsosc
Eichinger Mark SHL 290C 1551 eichma01
Enos-Berlage Jodi SHL 290F 1554 enosbejo
Fretham Stephanie SHL 290H 1555 bohmst01
Hiester Brian SHL 290B 1550 hiesbr01
Lynch Elizabeth SHL 190F 1248 lynchbet
McNicoll Molly SHL 190C 1257 mcnimo01
Reding Dawn SHL 190A 1700 redida01
Strand Gwen SHL 290A 1177 stragu01

Chemistry
Michels Olga SHL 390E 1684 rincol01
Baldwin Jenifer SHL 390C 1625 baldje01
Chamberlain Bradley Union 262D 1627 chambr01
Jefferson John SHL 390H 1119 jeffersj
Mertzenich Claude SHL 390F 1626 mertzecl
Wilker Molly SHL 390G 1123 wilkmo01

Communication Studies
Sweet Derek Campus-House 103 1566 sweede01
Johnson Thomas Campus-House 105 1091 johnth03

Computer Science
Yasinovskyy Roman Olin 319 1171 yasiro01
Mattson Paul Olin 322 1717 mattpa01
Do Thuy Olin 318 1172 doth02
Khalili Ahmed Olin 316 2429 alkhah01
Zaring Alan Olin 321 1137 zarial01

Economics Accounting & Management
White Alexandra Olin 344 1812 whital04
Cord Brittany Olin 346 1035 cordbr01
Holland Steven Olin 331 1130 hollst03
Lama Dindu Olin 339 1574 lamadi01
Larson Rob Olin 347 1568 larsro01
Larson Ronald Olin 333 1133 larsro09
Patton Greg Olin 341 1295 pattgr01
Torkelson Ryan Olin 342 1187 torkry01
Yu Hongxiao Olin 332 1706 yuho02

Education
Johnson Elliott Koren 102 1450 johnel12
Bohach Barbara Koren 105 1547 bohachba
Leet-Otley Jill Koren 104 1542 leetji01
Martin Claire Koren 103 1301 martincl
Martin-Hiner Jason Koren 109 1545 martja05
Newhouse Rebecca Koren 108 1543 newhre01
Roberson Lisa Koren 107 1546 robeli02
Smith Ann Preus-Library 108B 1151 smitan05
Wilson Jill Jenson-Noble 200B 2148 wilsji01

English
Narveson Kate Main 506 1593 narveska
Drews Marie Main 505 1181 drewsmar
Garcia Mike Main 503 2207 garcmi01
Hageman Andrew Main 606 1071 hagean03
Jenkins Jeremiah Main 502 2233 jenkje03
Kildegaard Lise Main 503A 1683 kildegli
Klammer Martin Main 602 2112 klammerm
Row-Heyveld Lindsey Main 504 1596 rowhli01
Weldon Amy Main 603A 2224 weldam01
Whitsitt Novian Main 603 2142 whitsino

Environmental Studies
Brummel Rachel Valders 372E 1778 brumra02
Peterson Laura Valders 372H 1781 cleala01
Jensen Jon Valders 372D 1696 jensjo01

History
Christman Robert Koren 207 1451 chriro05
Caton Brian Koren 203 2119 catobr01
Christman Victoria Larsen Hall 128 1048 chrivi02
Davis Dan Koren 208 2551 davida06
Guerci Mark Koren 209 2981 guerma01
Mtisi Richard Koren 210 1264 mtisri01
Peterson Anna Koren 202 1155 petean07

Health & Exercise Science
Solberg Brian Regents-Center 105A 1246 solberbr
Agena Kris Regents-Center 105B 1658 agenkr01
Boeke Jeff Regents-Center 15 1820 boekje01
Androus John Regents-Center 228 1612 andrjo04
Draghi Dominic Regents-Center 16 1577 dragdo01
Matth Erik Regents-Center 11B 1613 matter01
McDaniel Daviyon Regents-Center 11B 1679 mcdada01
Pasche Yarrow Regents-Center 212 1282 pascya01
Springer-Doescher Diana Regents-Center 10A 1828 spridi01
Strand Adam Regents-Center 217C 2181 strandad
Willis Khayleb Regents-Center 11C 1598 kwillis
Zander Aaron Regents-Center 208 1578 zandaa01

Identity Studies
Kunkel Charlotte Koren 322 1624 kunkelch
Hurley Scott Ockham-House 104 1788 hurlsc01
Moore Holly Valders 372G 1222 moorho01
Mtisi Richard Koren 210 1264 mtisri01
Whitsitt Novian Main 603 2142 whitsino

Library
Beckendorf Andrea Preus-Library 207D 1227 beckenan
Gjerde Ryan Preus-Library 207E 1288 gjerdery
Jackson Hayley Preus-Library 310 1725 jackha01
Streese Germano Preus-Library 217 2223 strege01

Mathematics
Johnson Michael Olin 305 1638 johnmi10
Berger Ruth Olin 317 1174 bergerr
Bernatz Richard Main 123 1233 bernatzr
Iversen Phil Olin 306 1363 iverph01
Mitchell David Olin 323 1713 mitcheda
Occhipinti Thomas Olin 304 1170 occhth01
Westlund Eric Olin 307 1711 wester01

Modern Languages and Cultures
Steding Elizabeth Main 404 1703 stedel01
Alonso Estenoz Main 405 1183 alonal01
Feat Anne-Marine Main 403 1185 featan01
Galstad Evelyn Main 115A 1565 galsev01
Gates Madsen Main 406 2982 madsna01
Johnson Maren Main 115B 1570 johnma29
Steding Sören Main 403A 1489 stedso01
Tejada Rita Main 605 1127 tejadari
Thompson David Main 601 2146 thomda01
Yu Hongmei Main 402 2178 yuho01

Music
Armstrong Heather Jenson-Noble 169 1214 armshe01
Joyce Brooke Jenson-Noble 214 1386 joycbr02
Andereck Edwin Jenson-Noble 180 1213 andereck
Baldwin Daniel Jenson-Noble 162 1692 baldwida
Batoff Melanie Jenson-Noble 211 1211 batome01
Beckendorf Andrea Jenson-Noble 193 1227 beckenan
Chesher Michael Jenson-Noble 192 1206 chesheml
Clopton Kacy Jenson-Noble 161 1220 clopka01
Cord John Jenson-Noble 167 1201 cordjo01
Frost Ryan Jenson-Noble 136 1003 frosry01
Gover Deborah Jenson-Noble 179 1795 govede01
Guzman Juan Jenson-Noble 163 1354 guzmanto
Hanson Carla Jenson-Noble 178 1499 hansca01
Hart Lynne Jenson-Noble 195 2140 postly01
Hester Carol Jenson-Noble 170 1200 hesterca
Hu Xiao Jenson-Noble 172 1364 huxi01
Huang Du Jenson-Noble 173 1056 huandu01
James Mike Jenson-Noble 185 1221 jamemi01
Kominami Miko Jenson-Noble 194 1387 komimi01
Kreuscher Carol Jenson-Noble 190 1224 kreuca01
Kromholz Joseph Jenson-Noble 164 2209 kromam01
Last Andrew Jenson-Noble 158 1817 lastan01
Martin Spencer Nottingham 2424 martsp01
Menghini Blakeley Jenson-Noble 160 2628 mengbl01
Meszler Alexander Jenson-Noble 212 1205 meszal01
Muzzio Kristi Jenson-Noble 181 1225 muzzkr01
Nam Amy Jenson-Noble 176 2072 namam01
Near Cory Jenson-Noble 168 1202 nearco01
Phillips Jill Jenson-Noble 165 1215 philji01
Plehal Emma Jenson-Noble 193 1126 plehem01
Potvin Mark Jenson-Noble 159 2219 potvma01
Ray Westlund Jenson-Noble 181 2132 raybet01
Reed Kathy Jenson-Noble 185 1315 reedmaka
Rothrock Lynne Jenson-Noble 191 1203 rothly01
Sanders Anthony Jenson-Noble 185 1792 sandan03
Shaffer Rebecca Jenson-Noble 171 1006 shafre01
Shaneyfelt Nicholas Jenson-Noble 157 1147 shanni01
Smith Michael Jenson-Noble 166 1179 smitmi01
Storlie Rachel Jenson-Noble 191 1203 gripra01
Strauss John Jenson-Noble 177 1210 straussj
Struve Jonathan Jenson-Noble 187 2067 struvejo
Tam Adrianna Jenson-Noble 213 2208 tamad01
Webb Jaime Jenson-Noble 186 1216 webbja01
Whitfield Andrew Nottingham 1764 whitan01
Yates Benjamin Jenson-Noble 166 1178 yatebe01

Nursing
Kueny Angela Valders 243G 1165 oldenban
Androus Cassandra Rochester 507/288-6872 andrca01
Bouska Laura Valders 243E 1453 fritla01
Carlson Corine Rochester 507/282-7396 carlsoco
Doherty Olivia Rochester 507/288-6872 doheol02
Edrington Janna Rochester 1456 edrija01
Franklin Austyn Rochester 507/288-6872 pottau01
Harreld Katie Rochester 507/288-6872 harrka06
Hopp Brianna Rochester 563-387-1457 hoppbr01
Howard Nicole Rochester 507/288-6872 howani01
Johnson Kelsea Rochester 507/288-6872 johnke16
Lubahn Michelle Rochester 507/288-6872 lubami01
Ludeking Carol Valders 243J 1455 reecca01
McCabe Maura Rochester 507/288-6872 mccama03
McGohan LaDonna Valders 243D 1478 mcgola01
Nelson Jayme Valders 243F 1454 nelsjaym
North Ellie Rochester 507/288-6872 nortel01
Sacquitne Nancy Valders 243J 1796 sacqna01
Schlachtenhaufen Amy Valders 243L 1192 schlam01
Wenz Addie Rochester 507/288-6872 randad01
Williams Isabel Rochester 507/529-5525 willis01
Dlhy Deanna Valders 247D 1237 dlhyde01
Meirick Bethany Valders 243K 1640 meirbe01

Paideia
Reed Kathy Main 215A 1315 reedmaka
Hurley Scott Ockham-House 104 1788 hurlsc01
Struve Jonathan Olin 303 2067 struvejo
Sullivan Rebecca Olin 324 2212 sullivre
Jenkins Jeremiah Main 502 2233 jenkje03

Philosophy
Moore Holly Valders 372G 1222 moorho01
Bailey Storm Ockham-House 105 1687 baileyst
Jensen Jon Valders 372D 1696 jensjo01

Physics
Pedlar Todd Valders 272D 1628 pedlto01
Perez James Valders 272F 1629 perezjam
Wilkerson Jeffrey Valders 272G 1226 wilkerje

Political Science
Foster Carly Koren 303 1874 fostca01
Selcuk Orcun Koren 304 1250 selcor01
Engelhardt Michael Koren 301 1252 engelhmi

Psychology
Njus David Valders 340G 1633 njusdavi
Breitenstein Joseph Valders 340D 1490 breitejo
Gould Kristy Valders 344U-1 1685 goulkr01
Sprung Justin Valders 344C 1255 spruju01
Toussaint Loren Valders 340F 1647 touslo01
Travers Stephanie Valders 344U-2 1254 travst01

Religion
Swanson Kristin Main 303 1346 swansokr
Deifelt Wanda Main 203A 2147 deifwa01
Kopf Gereon Ockham-House 15 1497 kopfg
Nave Guy Main 202 2143 navegu01
Shedinger Robert Main 301 1276 shedinro

Social Work Anthropology & Sociology
Rhodes Britt Koren 318 1623 rhodbr01
Betts Colin Koren 316 1284 bettscol
Carrasco Anita Koren 308 1158 carran02
Eastwood Andrew Koren 317 1459 eastan01
Gilbaugh Patricia Koren 307 1622 gilbpa01
Kunkel Charlotte Koren 322 1624 kunkelch
Nading Maryna Koren 320 1349 bazyma01
Schmidt Susan Koren 310 1459 schmsu02
Stanley Lori Koren 309 1283 stanleyl
Teimouri Amir Koren 321 1280 teimam01
Crider Destiny Koren 319 2156 cridde01

Visual & Performing Arts
Madrigal Joseph CFA 108 1114 madrjo01
Dintaman Jeff CFA 102 1380 dintamje
Elliott Kate Preus-Library 108C 1587 ellika03
Hawley Jane CFA 109 1694 hawleyja
Lurth Aaron CFA 105 1695 lurtaa01
Merritt Richard CFA 116 1290 merritri
Moore Benjamin CFA 107 1112 mooreben
Rothrock Lynne CFA 114 1953 rothly01
Vrtis Robert CFA 110 1218 vrtiro01